ratio,redis_ops_sec,idlekv_ops_sec,idlekv_vs_redis_ops_speedup,redis_avg_latency_ms,idlekv_avg_latency_ms,redis_p99_latency_ms,idlekv_p99_latency_ms,idlekv_vs_redis_latency_gain
9:1,2897637.14,6885968.26,2.376408061914888,5.6487775625,2.8417463125,6.655,9.215,1.9877838981096592
1:1,3018276.23,7760624.51,2.5712108232055355,5.424847203125,2.5184890078125,6.399,7.647,2.1540086878667357
1:9,4017700.23,7254029.19,1.8055177775172142,4.0727866328125,2.574939125,4.927,8.031,1.5817021044380999
